<?xml version="1.0" encoding="UTF-8"?>
<!DOCTYPE configuration PUBLIC "-//mybatis.org//DTD SQL Map Config 3.0//EN" "http://mybatis.org/dtd/mybatis-3-config.dtd">
<configuration>
	<settings>
		<setting name="cacheEnabled" value="true" />
		<setting name="lazyLoadingEnabled" value="true" />
		<setting name="multipleResultSetsEnabled" value="false" />
		<setting name="defaultExecutorType" value="SIMPLE" />
		<setting name="jdbcTypeForNull" value="VARCHAR"/>
		<setting name="callSettersOnNulls" value="true"/>
		<setting name="mapUnderscoreToCamelCase" value="true"/> <!-- *** 가장 중요 -->
	</settings>
	<typeAliases>
		<typeAlias alias="HMap" type="java.util.HashMap" /> <!-- 쓰나? -->
	</typeAliases>
</configuration>

