<?xml version="1.0" encoding="UTF-8"?>
<!DOCTYPE mapper PUBLIC "-//mybatis.org//DTD Mapper 3.0//EN" "http://mybatis.org/dtd/mybatis-3-mapper.dtd">
<mapper namespace="CAUSE_MAPPER">

	<select id="selectCause" parameterType="com.ubizit.dams.common.model.FailCauseVO" resultType="com.ubizit.dams.common.model.FailCauseVO">
		SELECT
		    PROJ_CD,
		    FAIL_CAUS_CD,
		    FAIL_CAUS_NM,
		    DIAG_INSP_FG,
		    USE_YN,
		    DISP_SEQ,
		    REG_ID,
		    REG_DT
		FROM
		    MST_FAIL_CAUSE
		WHERE 1=1
		<if test="@com.ubizit.dams.common.utils.StringUtil@isNotEmpty(projCd)">
			AND PROJ_CD LIKE '%'||#{projCd}||'%'
		</if>
		<if test="@com.ubizit.dams.common.utils.StringUtil@isNotEmptyInt(failCausCd)">
			AND FAIL_CAUS_CD LIKE '%'||#{failCausCd}||'%'
		</if>
		<if test="@com.ubizit.dams.common.utils.StringUtil@isNotEmpty(failCausNm)">
			AND FAIL_CAUS_NM LIKE '%'||#{failCausNm}||'%'
		</if>
		ORDER BY PROJ_CD, FAIL_CAUS_CD
	</select>

	<select id="selectCauseOne" parameterType="com.ubizit.dams.common.model.FailCauseVO" resultType="com.ubizit.dams.common.model.FailCauseVO">
		SELECT
		    PROJ_CD,
		    FAIL_CAUS_CD,
		    FAIL_CAUS_NM,
		    DIAG_INSP_FG,
		    USE_YN,
		    DISP_SEQ,
		    REG_ID,
		    REG_DT
		FROM
		    MST_FAIL_CAUSE
		WHERE 1=1
		<if test="@com.ubizit.dams.common.utils.StringUtil@isNotEmpty(projCd)">
			AND PROJ_CD LIKE '%'||#{projCd}||'%'
		</if>
		<if test="@com.ubizit.dams.common.utils.StringUtil@isNotEmptyInt(failCausCd)">
			AND FAIL_CAUS_CD LIKE '%'||#{failCausCd}||'%'
		</if>
		<if test="@com.ubizit.dams.common.utils.StringUtil@isNotEmpty(failCausNm)">
			AND FAIL_CAUS_NM LIKE '%'||#{failCausNm}||'%'
		</if>
		AND ROWNUM = 1
	</select>

	<select id="callGetCauseToProject" statementType="CALLABLE" parameterType="map">
		{CALL P_GET_CAUSE_TO_PROJECT(
			#{p_rcv_json, mode=IN, jdbcType=VARCHAR},
			#{p_ret_code, mode=OUT, jdbcType=INTEGER},
			#{p_ret_msg, mode=OUT, jdbcType=VARCHAR},
			#{p_ret_json, mode=OUT, jdbcType=VARCHAR}
		)}
	</select>
	
	<!-- Fail Cause 등록 2022-07-20 -->
	<insert id="insertCause" parameterType="com.ubizit.dams.common.model.FailCauseVO">
		INSERT INTO MST_FAIL_CAUSE (
			PROJ_CD
			, FAIL_CAUS_CD
			, FAIL_CAUS_NM
			, DIAG_INSP_FG
			, USE_YN
			, DISP_SEQ
			, REG_ID
			, REG_DT
		) VALUES (
			#{projCd}
			, #{failCausCd}
			, #{failCausNm}
			, #{diagInspFg}
			, #{useYn}
			, #{dispSeq}
			, #{regId}
			, SYSDATE
		)
	</insert>
	
	<!-- Fail Cause 수정 2022-07-20 -->
	<update id="updateCause" parameterType="com.ubizit.dams.common.model.FailCauseVO">
		UPDATE MST_FAIL_CAUSE
		SET FAIL_CAUS_NM = #{failCausNm}
			, DIAG_INSP_FG = #{diagInspFg}
			, USE_YN = #{useYn}
			, DISP_SEQ = #{dispSeq}
		WHERE 1=1
		AND PROJ_CD = #{projCd}
		AND FAIL_CAUS_CD = #{failCausCd}
	</update>
	
	<!-- Fail Cause 삭제 2022-07-20 -->
	<delete id="deleteCause" statementType="CALLABLE" parameterType="com.ubizit.dams.common.model.FailCauseVO">
		DELETE
		FROM MST_FAIL_CAUSE
		WHERE 1=1
		AND PROJ_CD = #{projCd}
		AND FAIL_CAUS_CD = #{failCausCd}
	</delete>

	<select id="causeExcelDL" parameterType="map" resultType="map">
		<![CDATA[
		SELECT
		    PROJ_CD,
		    TO_CHAR(FAIL_CAUS_CD) FAIL_CAUS_CD,
		    FAIL_CAUS_NM,
		    DIAG_INSP_FG,
		    USE_YN,
		    TO_CHAR(DISP_SEQ) DISP_SEQ,
		    REG_ID,
		    REG_DT
		FROM
		    MST_FAIL_CAUSE
		WHERE 1=1
		]]>
		<if test="@com.ubizit.dams.common.utils.StringUtil@isNotEmpty(projCd)">
			AND PROJ_CD LIKE '%'||#{projCd}||'%'
		</if>
<!-- 		<if test="@com.ubizit.dams.common.utils.StringUtil@isNotEmptyInt(failCausCd)"> -->
		<if test="@com.ubizit.dams.common.utils.StringUtil@isNotEmpty(failCausCd)">
			AND FAIL_CAUS_CD LIKE '%'||#{failCausCd}||'%'
		</if>
		<if test="@com.ubizit.dams.common.utils.StringUtil@isNotEmpty(failCausNm)">
			AND FAIL_CAUS_NM LIKE '%'||#{failCausNm}||'%'
		</if>
		ORDER BY PROJ_CD, FAIL_CAUS_CD
	</select>
</mapper>