<?xml version="1.0" encoding="UTF-8"?>
<!DOCTYPE mapper PUBLIC "-//mybatis.org//DTD Mapper 3.0//EN" "http://mybatis.org/dtd/mybatis-3-mapper.dtd">
<mapper namespace="DASHBOARD_MAPPER">

	<select id="callGetMainProgressCnt" statementType="CALLABLE" parameterType="map">
		{CALL P_GET_MAIN_PROGRESS_CNT(<include refid="UTIL.procedureMap" />)}		
    </select>
    
    <select id="callGetMonthChart" statementType="CALLABLE" parameterType="map">
		{CALL P_GET_MAIN_MONTH_CHART(<include refid="UTIL.procedureMap" />)}
    </select>
    
    <select id="callGetMonthAcmChart" statementType="CALLABLE" parameterType="map">
		{CALL P_GET_MAIN_MONTH_ACM_CHART(<include refid="UTIL.procedureMap" />)}
    </select>
    
    <select id="callGetMainUserChart" statementType="CALLABLE" parameterType="map">
		{CALL P_GET_MAIN_USER_CHART(
			#{p_rcv_json, mode=IN, jdbcType=VARCHAR},
			#{p_ret_code, mode=OUT, jdbcType=INTEGER},
			#{p_ret_msg, mode=OUT, jdbcType=VARCHAR},
			#{p_ret_json, mode=OUT, jdbcType=VARCHAR}
		)}
    </select>
</mapper>