<?xml version="1.0" encoding="UTF-8"?>
<!DOCTYPE mapper PUBLIC "-//mybatis.org//DTD Mapper 3.0//EN" "http://mybatis.org/dtd/mybatis-3-mapper.dtd">
<mapper namespace="LABEL_MAPPER">

	<select id="selectLabel" parameterType="com.ubizit.dams.common.model.LabelVO" resultType="com.ubizit.dams.common.model.LabelVO">
		SELECT PROJ_CD
			, LBL_CD
			, LBL_DISP
			, LBL_NM
			, USE_YN
			, DISP_SEQ
			, REG_ID
			, REG_DT
		FROM MST_LABEL
		WHERE 1=1
		<if test="@com.ubizit.dams.common.utils.StringUtil@isNotEmpty(projCd)">
			AND PROJ_CD LIKE '%'||#{projCd}||'%'
		</if>
		<if test="@com.ubizit.dams.common.utils.StringUtil@isNotEmpty(lblCd)">
			AND LBL_CD LIKE '%'||#{lblCd}||'%'
		</if>
	</select>
	
	<update id="updateLabel" parameterType="com.ubizit.dams.common.model.LabelVO">
		UPDATE MST_LABEL
		SET
			LBL_DISP = #{lblDisp}
			, LBL_NM = #{lblNm}
			, USE_YN = #{useYn}
			, DISP_SEQ = #{dispSeq}
		WHERE 1=1
		AND PROJ_CD = #{projCd}
		<if test="@com.ubizit.dams.common.utils.StringUtil@isNotEmpty(lblCd)">
			AND LBL_CD = #{lblCd}
		</if>
	</update>
	
	<insert id="insertLabel" parameterType="com.ubizit.dams.common.model.LabelVO">
		INSERT INTO MST_LABEL (
			PROJ_CD
			, LBL_CD
			, LBL_DISP
			, LBL_NM
			, USE_YN
			, DISP_SEQ
			, REG_ID
			, REG_DT
		) VALUES (
			#{projCd}
			, #{lblCd}
			, #{lblDisp}
			, #{lblNm}
			, #{useYn}
			, 0
			, #{regId}
			, SYSDATE
		)
	</insert>
	
</mapper>