<?xml version="1.0" encoding="UTF-8"?>
<!DOCTYPE mapper PUBLIC "-//mybatis.org//DTD Mapper 3.0//EN" "http://mybatis.org/dtd/mybatis-3-mapper.dtd">
<mapper namespace="PROJECT_MAPPER">

	<select id="selectProject" parameterType="com.ubizit.dams.common.model.ProjectVO" resultType="com.ubizit.dams.common.model.ProjectVO">
		SELECT PROJ_CD
			, PROJ_NM
			, USE_YN
			, WEEK_REPO_STD_DAYW
			, PLAN_DSET_QTY
			, PROJ_BEG_YMD
			, PROJ_END_YMD
			, REG_ID
			, REG_DT
		FROM MST_PROJECT
		WHERE 1=1
		<if test="@com.ubizit.dams.common.utils.StringUtil@isNotEmpty(projCd)">
			AND PROJ_CD LIKE '%'||#{projCd}||'%'
		</if>
		<if test="@com.ubizit.dams.common.utils.StringUtil@isNotEmpty(projNm)">
			AND PROJ_NM LIKE '%'||#{projNm}||'%'
		</if>
		ORDER BY PROJ_CD ASC
	</select>
	
	<select id="selectProjectOne" parameterType="com.ubizit.dams.common.model.ProjectVO" resultType="com.ubizit.dams.common.model.ProjectVO">
		SELECT PROJ_CD
			, PROJ_NM
			, USE_YN
			, WEEK_REPO_STD_DAYW
			, PLAN_DSET_QTY
			, PROJ_BEG_YMD
			, PROJ_END_YMD
			, REG_ID
			, REG_DT
		FROM MST_PROJECT
		WHERE 1=1
		<if test="@com.ubizit.dams.common.utils.StringUtil@isNotEmpty(projCd)">
			AND PROJ_CD LIKE '%'||#{projCd}||'%'
		</if>
		<if test="@com.ubizit.dams.common.utils.StringUtil@isNotEmpty(projNm)">
			AND PROJ_NM LIKE '%'||#{projNm}||'%'
		</if>
		AND ROWNUM = 1
	</select>
	
	<select id="callGetProjectMap" statementType="CALLABLE" parameterType="map">
		{CALL P_GET_PROJECT_MAP(
			#{p_rcv_json, mode=IN, jdbcType=VARCHAR},
			#{p_ret_code, mode=OUT, jdbcType=INTEGER},
			#{p_ret_msg, mode=OUT, jdbcType=VARCHAR},
			#{p_ret_json, mode=OUT, jdbcType=VARCHAR}
		)}
	</select>
		
	<select id="callRegistProject" statementType="CALLABLE" parameterType="map">
		{CALL P_REGIST_PROJECT(
			#{rcvJson, mode=IN, jdbcType=VARCHAR},
			#{retCode, mode=OUT, jdbcType=INTEGER},
			#{retMsg, mode=OUT, jdbcType=VARCHAR}
		)}
	</select>
	
	<select id="callModifyProject" statementType="CALLABLE" parameterType="map">
		{CALL P_MODIFY_PROJECT(
			#{rcvJson, mode=IN, jdbcType=VARCHAR},
			#{retCode, mode=OUT, jdbcType=INTEGER},
			#{retMsg, mode=OUT, jdbcType=VARCHAR}
		)}
	</select>
	
	<select id="callRemoveProject" parameterType="map" statementType="CALLABLE">
		{CALL P_REMOVE_PROJECT(<include refid="UTIL.procedureMap" />)}
	</select>
	
	<!-- 프로젝트가 등록된 라벨 조회 2022-06-20 -->
	<select id="projectToLabelList" statementType="CALLABLE"  parameterType="map" >
		<![CDATA[
			{CALL P_GET_PROJECT_TO_LABEL(
				#{p_rcv_json, mode=IN, jdbcType=VARCHAR}
				, #{p_ret_code, mode=OUT, jdbcType=INTEGER}
				, #{p_ret_msg, mode=OUT, jdbcType=VARCHAR}
				, #{p_ret_json, mode=OUT, jdbcType=VARCHAR}
			)}
		]]>
	</select>
	
	<!-- 프로젝트가 등록된 라벨 조회 2022-06-20 -->
	<select id="projectReadLabel" statementType="CALLABLE"  parameterType="map" >
		<![CDATA[
			{CALL P_GET_PROJECT_TO_READ_LABEL(
				#{p_rcv_json, mode=IN, jdbcType=VARCHAR}
				, #{p_ret_code, mode=OUT, jdbcType=INTEGER}
				, #{p_ret_msg, mode=OUT, jdbcType=VARCHAR}
				, #{p_ret_json, mode=OUT, jdbcType=VARCHAR}
			)}
		]]>
	</select>
	
	<select id="projectExcelDL" parameterType="map" resultType="map">
		<![CDATA[
		SELECT PROJ_CD
			, PROJ_NM
			, USE_YN
			, WEEK_REPO_STD_DAYW
			, PLAN_DSET_QTY
			, PROJ_BEG_YMD
			, PROJ_END_YMD
			, REG_ID
			, REG_DT
		FROM MST_PROJECT
		WHERE 1=1
		]]>
		<if test="@com.ubizit.dams.common.utils.StringUtil@isNotEmpty(projCd)">
			AND PROJ_CD LIKE '%'||#{projCd}||'%'
		</if>
		<if test="@com.ubizit.dams.common.utils.StringUtil@isNotEmpty(projNm)">
			AND PROJ_NM LIKE '%'||#{projNm}||'%'
		</if>
		ORDER BY PROJ_CD ASC
	</select>
</mapper>