<?xml version="1.0" encoding="UTF-8"?>
<!DOCTYPE mapper PUBLIC "-//mybatis.org//DTD Mapper 3.0//EN" "http://mybatis.org/dtd/mybatis-3-mapper.dtd">
<mapper namespace="TASKCASE_MAPPER">
	
	<select id="selectTask" resultType="com.ubizit.dams.common.utils.camelMap" parameterType="map">
		SELECT PROJ_CD
			, TASK_CD
			, TASK_NM
		FROM PLV_TASK
		WHERE PROJ_CD = #{projCd}
<!-- 		ORDER BY REG_DT DESC -->
		ORDER BY TASK_CD
	</select>
	
	<select id="selectTaskCase" parameterType="com.ubizit.dams.common.model.TaskCaseVO" resultType="com.ubizit.dams.common.model.TaskCaseVO">
		SELECT 
			DIG.PROJ_CD
			, DIG.TASK_CD
			, DIG.CASE_NO
			, DIG.AGE
			, DIG.GEN
			, DIG.REG_ID
			, DIG.REG_DT
			, DIG.USER_ID
			, DIG.USER_NM
			, DIG.LBL_CD
			, DIG.LBL_DISP
			, DIG.LBL_NM
			, DIG.MEMO
			, DIG.WORK_YMD
			, DIG.FAIL_CAUS_LIST
			, TSK.TASK_NM 
		FROM PLV_TASK_CASE_DIAG DIG
		LEFT JOIN PLT_TASK TSK
		ON DIG.PROJ_CD = TSK.PROJ_CD
		AND DIG.TASK_CD = TSK.TASK_CD
		WHERE 1=1
		<if test="@com.ubizit.dams.common.utils.StringUtil@isNotEmpty(projCd)">
			AND DIG.PROJ_CD = #{projCd}
		</if>
		<if test="@com.ubizit.dams.common.utils.StringUtil@isNotEmpty(taskCd)">
			AND DIG.TASK_CD = #{taskCd}
		</if>
		<if test="@com.ubizit.dams.common.utils.StringUtil@isNotEmpty(taskNm)">
			AND TSK.TASK_NM = #{taskNm}
		</if>
		<if test="@com.ubizit.dams.common.utils.StringUtil@isNotEmpty(caseNo)">
			AND DIG.CASE_NO = #{caseNo}
		</if>
		ORDER BY DIG.PROJ_CD , DIG.TASK_CD , DIG.CASE_NO 
	</select>
	
	<select id="callGetTaskCaseStep" statementType="CALLABLE"  parameterType="map" >
		{CALL P_GET_TASKCASE_STEP(<include refid="UTIL.procedureMapClob" />)}
	</select>
	
	<insert id="insertTaskCase" parameterType="com.ubizit.dams.common.model.TaskCaseVO">
		INSERT INTO PLT_TASK_CASE (
			PROJ_CD,   TASK_CD,   CASE_NO,   AGE,   GEN,     REG_ID,   REG_DT
		) VALUES (
			#{projCd}, #{taskCd}, #{caseNo}, #{age}, #{gen}, #{regId}, SYSDATE
		)
	</insert>
	
	<update id="updateTaskCase" parameterType="com.ubizit.dams.common.model.TaskCaseVO">
		UPDATE PLT_TASK_CASE
		SET AGE = #{age}
			, GEN = #{gen}
		WHERE PROJ_CD = #{projCd}
		AND TASK_CD = #{taskCd}
		AND CASE_NO = #{caseNo}
	</update>
	
	<delete id="deleteTaskCase" parameterType="com.ubizit.dams.common.model.TaskCaseVO">
		DELETE
		FROM PLT_TASK_CASE
		WHERE PROJ_CD = #{projCd}
		AND TASK_CD = #{taskCd}
		AND CASE_NO = #{caseNo}
	</delete>
	
	<select id="taskCaseExcelDL" parameterType="map" resultType="map">
		<![CDATA[
		SELECT 
			DIG.CASE_NO
			, DIG.AGE
			, DIG.GEN
			, DIG.REG_DT 
		FROM PLV_TASK_CASE_DIAG DIG
		LEFT JOIN PLT_TASK TSK ON DIG.PROJ_CD = TSK.PROJ_CD AND DIG.TASK_CD = TSK.TASK_CD
		WHERE 1=1
		]]>
		<if test="@com.ubizit.dams.common.utils.StringUtil@isNotEmpty(projCd)">
		AND     DIG.PROJ_CD = #{projCd}
		</if>
		<if test="@com.ubizit.dams.common.utils.StringUtil@isNotEmpty(taskCd)">
		AND     DIG.TASK_CD = #{taskCd}
		</if>
		ORDER BY DIG.PROJ_CD , DIG.TASK_CD , DIG.CASE_NO 
	</select>
</mapper>