<?xml version="1.0" encoding="UTF-8"?>
<!DOCTYPE mapper PUBLIC "-//mybatis.org//DTD Mapper 3.0//EN" "http://mybatis.org/dtd/mybatis-3-mapper.dtd">
<mapper namespace="TASK_MAPPER">

	<select id="selectTaskBase" parameterType="com.ubizit.dams.work.model.PlvTaskUserPlanVO" resultType="com.ubizit.dams.work.model.PlvTaskUserPlanVO">
		SELECT 
			PROJ_CD 
			, TASK_CD
			, TASK_NM 
			, DATA_DIR 
			, DATA_REG_YMD 
			, STAT_YN 
			, REG_ID 
			, REG_DT 
		FROM PLT_TASK
		WHERE 1=1
		<if test="@com.ubizit.dams.common.utils.StringUtil@isNotEmpty(projCd)">
			AND PROJ_CD = #{projCd}
		</if>
		<if test="@com.ubizit.dams.common.utils.StringUtil@isNotEmpty(taskCd)">
			AND TASK_CD = #{taskCd}
		</if>
		AND ROWNUM = 1 
		ORDER BY PROJ_CD
	</select>
	
	<select id="selectTask" parameterType="com.ubizit.dams.work.model.PlvTaskUserPlanVO" resultType="com.ubizit.dams.work.model.PlvTaskUserPlanVO">
		SELECT 
			TSK.PROJ_CD 
			, TSK.TASK_CD
			, LISTAGG(USR.USER_ID , ',' ) WITHIN GROUP (ORDER BY TSK.PROJ_CD) AS USER_ID
			, LISTAGG(MUR.USER_NM , ',' ) WITHIN GROUP (ORDER BY TSK.PROJ_CD) AS USER_NM
			, DECODE(LISTAGG(USR.USER_ID||'('||USR.DIAG_INSP_FG||')', ',' ) WITHIN GROUP (ORDER BY TSK.PROJ_CD), '()', '', 
					LISTAGG(USR.USER_ID||'('||USR.DIAG_INSP_FG||')', ',' ) WITHIN GROUP (ORDER BY TSK.PROJ_CD)) AS USER_ID_FG
			, DECODE(LISTAGG(MUR.USER_NM||'('||USR.DIAG_INSP_FG||')', ',' ) WITHIN GROUP (ORDER BY TSK.PROJ_CD), '()', '', 
					LISTAGG(MUR.USER_NM||'('||USR.DIAG_INSP_FG||')', ',' ) WITHIN GROUP (ORDER BY TSK.PROJ_CD)) AS USER_NM_FG
			, TSK.TASK_NM 
			, TSK.DATA_DIR 
			, TSK.DATA_REG_YMD 
			, TSK.STAT_YN 
			, TSK.REG_ID 
			, TSK.REG_DT 
		FROM PLV_TASK TSK
		LEFT JOIN PLT_TASK_USER USR ON TSK.TASK_CD = USR.TASK_CD AND TSK.PROJ_CD = USR.PROJ_CD
		LEFT JOIN MST_USER MUR ON USR.USER_ID = MUR.USER_ID
		LEFT JOIN MST_PROJECT U ON TSK.PROJ_CD = U.PROJ_CD
		WHERE 1=1
		<if test="@com.ubizit.dams.common.utils.StringUtil@isNotEmpty(projCd)">
			AND TSK.PROJ_CD LIKE '%'||#{projCd}||'%'
		</if>
		<if test="@com.ubizit.dams.common.utils.StringUtil@isNotEmpty(taskCd)">
			AND TSK.TASK_CD LIKE '%'||#{taskCd}||'%'
		</if>
		<if test="@com.ubizit.dams.common.utils.StringUtil@isNotEmpty(taskNm)">
			AND TSK.TASK_NM LIKE '%'||#{taskNm}||'%'
		</if>
		AND U.USE_YN = 'Y'
		GROUP BY TSK.TASK_CD, TSK.PROJ_CD, TSK.TASK_NM , TSK.DATA_DIR , TSK.DATA_REG_YMD , TSK.STAT_YN , TSK.REG_ID , TSK.REG_DT 
		ORDER BY TSK.PROJ_CD, TSK.TASK_CD
	</select>
	
	<!-- 태스크에 등록된 유저 조회 2022-07-06 -->
	<select id="callGetTaskToUser" statementType="CALLABLE" parameterType="map">
		{CALL P_GET_TASK_TO_USER(
			#{p_rcv_json, mode=IN, jdbcType=VARCHAR},
			#{p_ret_code, mode=OUT, jdbcType=INTEGER},
			#{p_ret_msg, mode=OUT, jdbcType=VARCHAR},
			#{p_ret_json, mode=OUT, jdbcType=VARCHAR}
		)}
	</select>
	
	<select id="callRegistTask" statementType="CALLABLE" parameterType="map">
		{CALL P_REGIST_TASK(
			#{rcvJson, mode=IN, jdbcType=VARCHAR},
			#{retCode, mode=OUT, jdbcType=INTEGER},
			#{retMsg, mode=OUT, jdbcType=VARCHAR}
		)}
	</select>
	
	<select id="callModifyTask" statementType="CALLABLE" parameterType="map" >
		{CALL P_MODIFY_TASK(
			#{rcvJson, mode=IN, jdbcType=VARCHAR},
			#{retCode, mode=OUT, jdbcType=INTEGER},
			#{retMsg, mode=OUT, jdbcType=VARCHAR}
		)}
	</select>
	
	<select id="callRemoveTask" statementType="CALLABLE" parameterType="map">
		{CALL P_REMOVE_TASK(<include refid="UTIL.procedureMap" />)}
	</select>
	
	<select id="taskExcelDL" parameterType="map" resultType="map">
		<![CDATA[
		SELECT
			TSK.PROJ_CD 
			, TSK.TASK_CD
			, LISTAGG(USR.USER_ID , ',' ) WITHIN GROUP (ORDER BY TSK.PROJ_CD) AS USER_ID
			, LISTAGG(MUR.USER_NM , ',' ) WITHIN GROUP (ORDER BY TSK.PROJ_CD) AS USER_NM
			, TSK.TASK_NM 
			, TSK.DATA_DIR 
			, TSK.DATA_REG_YMD 
			, TSK.STAT_YN 
			, TSK.REG_ID 
			, TSK.REG_DT 
		FROM PLV_TASK TSK
		LEFT JOIN PLT_TASK_USER USR ON TSK.TASK_CD = USR.TASK_CD AND TSK.PROJ_CD = USR.PROJ_CD
		LEFT JOIN MST_USER MUR ON USR.USER_ID = MUR.USER_ID
		LEFT JOIN MST_PROJECT U ON TSK.PROJ_CD = U.PROJ_CD
		WHERE 1=1
		]]>
		<if test="@com.ubizit.dams.common.utils.StringUtil@isNotEmpty(projCd)">
			AND TSK.PROJ_CD LIKE '%'||#{projCd}||'%'
		</if>
		<if test="@com.ubizit.dams.common.utils.StringUtil@isNotEmpty(taskCd)">
			AND TSK.TASK_CD LIKE '%'||#{taskCd}||'%'
		</if>
		<if test="@com.ubizit.dams.common.utils.StringUtil@isNotEmpty(taskNm)">
			AND TSK.TASK_NM LIKE '%'||#{taskNm}||'%'
		</if>
		AND U.USE_YN = 'Y'
		GROUP BY 
		TSK.TASK_CD, TSK.PROJ_CD, TSK.TASK_NM , TSK.DATA_DIR , TSK.DATA_REG_YMD , TSK.STAT_YN , TSK.REG_ID , 
		TSK.REG_DT 
		ORDER BY TSK.PROJ_CD, TSK.TASK_CD
	</select>
	
</mapper>