<?xml version="1.0" encoding="UTF-8"?>
<!DOCTYPE mapper PUBLIC "-//mybatis.org//DTD Mapper 3.0//EN" "http://mybatis.org/dtd/mybatis-3-mapper.dtd">
<mapper namespace="USER_MAPPER">

	<select id="selectUser" parameterType="com.ubizit.dams.common.model.UserVO" resultType="com.ubizit.dams.common.model.UserVO">
		SELECT
		    USER_ID,
		    USER_NM,
		    PSWD,
		    USE_YN,
		    SYS_MGR_YN,
		    REG_ID,
		    REG_DT
		    , (
		    SELECT LISTAGG(PROJ_CD , ', ') WITHIN GROUP(ORDER BY PROJ_CD) AS PROJ_MAPPING
			FROM MST_PROJECT_USER PR 
			WHERE PR.USER_ID = USR.USER_ID 
		    ) AS PROJ_MAPPING
		FROM
		    MST_USER USR
		WHERE 1=1
		<if test="@com.ubizit.dams.common.utils.StringUtil@isNotEmpty(userId)">
			AND USER_ID LIKE '%'||#{userId}||'%'
		</if>
		<if test="@com.ubizit.dams.common.utils.StringUtil@isNotEmpty(userNm)"><!-- 서치 파라미터 넘겨줘서 따로 빼야되나? -->
			AND USER_NM LIKE '%'||#{userNm}||'%'
		</if>
		ORDER BY USER_ID 
	</select>
	
	<!-- 2022-07-04 유저팝업시 프로젝트코드 조건 -->
	<select id="selectProjectUser" parameterType="com.ubizit.dams.common.model.UserVO" resultType="com.ubizit.dams.common.model.UserVO">
		SELECT 
			PRJ.PROJ_CD 
			, USR.USER_ID 
			, USR.USER_NM
			, USR.PSWD 
			, USR.USE_YN 
			, USR.SYS_MGR_YN 
			, USR.REG_ID 
			, USR.REG_DT 
			, PR.DIAG_INSP_FG
		FROM MST_PROJECT_USER PRJ
		LEFT JOIN MST_USER USR ON PRJ.USER_ID = USR.USER_ID 
		LEFT JOIN MST_PROJECT PR ON PR.PROJ_CD = PRJ.PROJ_CD 
		WHERE 1=1
		<if test="@com.ubizit.dams.common.utils.StringUtil@isNotEmpty(userId)">
			AND USR.USER_ID LIKE '%'||#{userId}||'%'
		</if>
		<if test="@com.ubizit.dams.common.utils.StringUtil@isNotEmpty(userNm)"><!-- 서치 파라미터 넘겨줘서 따로 빼야되나? -->
			AND USR.USER_NM LIKE '%'||#{userNm}||'%'
		</if>
		<if test="@com.ubizit.dams.common.utils.StringUtil@isNotEmpty(useYn)">
			AND USR.USE_YN = #{useYn}
		</if>
		<if test="@com.ubizit.dams.common.utils.StringUtil@isNotEmpty(projCd)">
			AND PRJ.PROJ_CD LIKE '%'||#{projCd}||'%'
		</if>
	</select>

	<select id="selectProjUser" parameterType="com.ubizit.dams.common.model.ProjectUserVO" resultType="com.ubizit.dams.common.model.ProjectUserVO">
		SELECT
		    PROJ_CD,
		    (SELECT PROJ_NM FROM MST_PROJECT WHERE PROJ_CD = USR.PROJ_CD  ) PROJ_NM, 
		    USER_ID,
		    MGR_YN,
		    REG_ID,
		    REG_DT
		FROM
		    MST_PROJECT_USER USR
		WHERE 1=1
		<if test="@com.ubizit.dams.common.utils.StringUtil@isNotEmpty(projCd)">
			AND PROJ_CD LIKE '%'||#{projCd}||'%'
		</if>
		<if test="@com.ubizit.dams.common.utils.StringUtil@isNotEmpty(userId)"><!-- 서치 파라미터 넘겨줘서 따로 빼야되나? -->
			AND USER_ID LIKE '%'||#{userId}||'%'
		</if>
		<if test="@com.ubizit.dams.common.utils.StringUtil@isNotEmpty(mgrYn)">
			AND MGR_YN = #{mgrYn}
		</if>
	</select>

	<select id="callGetUserOneMap" statementType="CALLABLE" parameterType="map">
		{CALL P_GET_USER_MAP(
			#{p_rcv_json, mode=IN, jdbcType=VARCHAR},
			#{p_ret_code, mode=OUT, jdbcType=INTEGER},
			#{p_ret_msg, mode=OUT, jdbcType=VARCHAR},
			#{p_ret_json, mode=OUT, jdbcType=VARCHAR}
		)}
	</select>
	
	<select id="selectUserOne" parameterType="com.ubizit.dams.common.model.UserVO" resultType="com.ubizit.dams.common.model.UserVO">
		SELECT
		    U.USER_ID
		    , U.USER_NM
		    , U.PSWD
		    , U.USE_YN
		    , U.SYS_MGR_YN
		    , U.REG_ID
		    , U.REG_DT
		    , P.MGR_YN 
		FROM
		    MST_USER U
		LEFT JOIN MST_PROJECT_USER P ON U.USER_ID = P.USER_ID 
		WHERE 1=1
		<if test="@com.ubizit.dams.common.utils.StringUtil@isNotEmpty(userId)">
			AND U.USER_ID LIKE '%'||#{userId}||'%'
		</if>
		AND ROWNUM = 1
	</select>
	
	<!-- 유저가 등록된 프로젝트 업데이트 2022-06-16 -->
	<select id="callGetUserToProject" statementType="CALLABLE" parameterType="map">
		{CALL P_GET_USER_TO_PROJECT(
			#{p_rcv_json, mode=IN, jdbcType=VARCHAR},
			#{p_ret_code, mode=OUT, jdbcType=INTEGER},
			#{p_ret_msg, mode=OUT, jdbcType=VARCHAR},
			#{p_ret_json, mode=OUT, jdbcType=VARCHAR}
		)}
	</select>
	
	<select id="callRegistUser" statementType="CALLABLE" parameterType="map">
		{CALL P_REGIST_USER(
			#{rcvJson, mode=IN, jdbcType=VARCHAR},
			#{retCode, mode=OUT, jdbcType=INTEGER},
			#{retMsg, mode=OUT, jdbcType=VARCHAR}
		)}
	</select>
	
	<select id="callModifyUser" statementType="CALLABLE" parameterType="map">
		{CALL P_MODIFY_USER(
			#{rcvJson, mode=IN, jdbcType=VARCHAR},
			#{retCode, mode=OUT, jdbcType=INTEGER},
			#{retMsg, mode=OUT, jdbcType=VARCHAR}
		)}
	</select>
	
	<select id="callRemoveUser" statementType="CALLABLE" parameterType="map">
		{CALL P_REMOVE_USER(<include refid="UTIL.procedureMap" />)}
	</select>
	
	<update id="updatePswd" parameterType="map">
		UPDATE MST_USER
		SET PSWD = #{pswd}
		WHERE USER_ID = #{userId}
	</update>
	
	<select id="userProjectValidation" statementType="CALLABLE" parameterType="map">
		{CALL P_VALID_USER_PROJECT(
			#{projCd, mode=IN, jdbcType=VARCHAR},
			#{userId, mode=IN, jdbcType=VARCHAR}
		)}
	</select>
	
	<select id="userExcelDL" parameterType="map" resultType="map">
		<![CDATA[
		SELECT
		    USER_ID,
		    USER_NM,
		    PSWD,
		    USE_YN,
		    SYS_MGR_YN,
		    REG_ID,
		    REG_DT,
		    (
			    SELECT LISTAGG(PROJ_CD , ', ') WITHIN GROUP(ORDER BY PROJ_CD) AS PROJ_MAPPING
				FROM MST_PROJECT_USER PR 
				WHERE PR.USER_ID = USR.USER_ID 
		    ) AS PROJ_MAPPING
		FROM
		    MST_USER USR
		WHERE 1=1
		]]>
		<if test="@com.ubizit.dams.common.utils.StringUtil@isNotEmpty(userId)">
			AND USER_ID LIKE '%'||#{userId}||'%'
		</if>
		<if test="@com.ubizit.dams.common.utils.StringUtil@isNotEmpty(userNm)"><!-- 서치 파라미터 넘겨줘서 따로 빼야되나? -->
			AND USER_NM LIKE '%'||#{userNm}||'%'
		</if>
		ORDER BY USER_ID 
	</select>
	
</mapper>