<?xml version="1.0" encoding="UTF-8"?>
<!DOCTYPE tiles-definitions PUBLIC
       "-//Apache Software Foundation//DTD Tiles Configuration 3.0//EN"
       "http://tiles.apache.org/dtds/tiles-config_3_0.dtd">

<tiles-definitions>
	<!-- layout -->
   	<definition name="layout" template="/WEB-INF/view/tiles/layout.jsp">
        <put-attribute name="header" value="/WEB-INF/view/tiles/header.jsp" />
		<put-attribute name="base_script" value="/WEB-INF/view/tiles/script.jsp" />
        <put-attribute name="script" value="" />
        <put-attribute name="body" value="" />
        <put-attribute name="footer" value="/WEB-INF/view/tiles/footer.jsp" />
	</definition>
    
   	<!-- popup_layout -->
   	<definition name="popup_layout" template="/WEB-INF/view/tiles/popup_layout.jsp">
		<put-attribute name="base_script" value="/WEB-INF/view/tiles/script.jsp" />
        <put-attribute name="script" value="" />
        <put-attribute name="body" value="" />
	</definition>
	
    <!-- Index -->
    <definition name="index" template="/index.jsp" />
    
    <!-- Error --> <!-- Dams 로 넘김 -->
    <definition name="error/*" template="/WEB-INF/view/dams/error/{1}.jsp" />
    
    <definition name="pswdChange" template="/WEB-INF/view/dams/login/pswdChange.jsp" >
 		<put-attribute name="base_script" value="/WEB-INF/view/tiles/script.jsp" />
 		<put-attribute name="script" value="/_script/login/pswdChange.js" />
    </definition>

    <!-- LOGIN -->
    <definition name="login" template="/WEB-INF/view/dams/login/login.jsp">
 		<put-attribute name="base_script" value="/WEB-INF/view/tiles/script.jsp" />
    </definition>
    
    <!-- WorkTask -->
    <definition name="work/workTask" template="/WEB-INF/view/dams/work/workTask.jsp">
    	<put-attribute name="header" value="/WEB-INF/view/tiles/header.jsp"></put-attribute>
 		<put-attribute name="base_script" value="/WEB-INF/view/tiles/script.jsp" />
        <put-attribute name="script" value="/_script/work/workTask.js" />
        <!-- 이친구는 스크립트 많음. 나머지는 jsp에서 직접 불러오기. -->
    </definition>
    
    <!-- 나머지 -->
    <definition name="popup/*/*" extends="layout">
       <put-attribute name="body" value="/WEB-INF/view/dams/{1}/{2}.jsp"/>
       <put-attribute name="script" value="/_script/{1}/{2}.js"/>
    </definition>
    
    <definition name="*/*" extends="layout">
       <put-attribute name="body" value="/WEB-INF/view/dams/{1}/{2}.jsp"/>
       <put-attribute name="script" value="/_script/{1}/{2}.js"/>
    </definition>
    
	<definition name="*/*/*" extends="layout">
       <put-attribute name="body" value="/WEB-INF/view/dams/{1}/{2}/{3}.jsp"/>
       <put-attribute name="script" value="/_script/{1}/{2}/{3}.js"/>
    </definition>
    
    
    
	<!-- 2022-07-04 단일 설정으로 바꿀수 없는지 확인 필요 -->
	<definition name="manager/labelSearchPopup" extends="popup_layout">
 		<put-attribute name="base_script" value="/WEB-INF/view/tiles/script.jsp" />
 		<put-attribute name="body" value="/WEB-INF/view/dams/manager/labelSearchPopup.jsp"/>
        <put-attribute name="script" value="/_script/manager/labelSearchPopup.js" />
    </definition>
	<definition name="manager/projectSearchPopup" extends="popup_layout">
 		<put-attribute name="base_script" value="/WEB-INF/view/tiles/script.jsp" />
 		<put-attribute name="body" value="/WEB-INF/view/dams/manager/projectSearchPopup.jsp"/>
        <put-attribute name="script" value="/_script/manager/projectSearchPopup.js" />
    </definition>
	<definition name="manager/projectSearchOnePopup" extends="popup_layout">
 		<put-attribute name="base_script" value="/WEB-INF/view/tiles/script.jsp" />
 		<put-attribute name="body" value="/WEB-INF/view/dams/manager/projectSearchOnePopup.jsp"/>
        <put-attribute name="script" value="/_script/manager/projectSearchOnePopup.js" />
    </definition>
	<definition name="manager/userSearchPopup" extends="popup_layout">
 		<put-attribute name="base_script" value="/WEB-INF/view/tiles/script.jsp" />
 		<put-attribute name="body" value="/WEB-INF/view/dams/manager/userSearchPopup.jsp"/>
        <put-attribute name="script" value="/_script/manager/userSearchPopup.js" />
    </definition>
	<definition name="manager/taskManagerForm" extends="popup_layout">
 		<put-attribute name="base_script" value="/WEB-INF/view/tiles/script.jsp" />
 		<put-attribute name="body" value="/WEB-INF/view/dams/manager/taskManagerForm.jsp"/>
        <put-attribute name="script" value="/_script/manager/taskManagerForm.js" />
    </definition>
	<definition name="manager/userManagerForm" extends="popup_layout">
 		<put-attribute name="base_script" value="/WEB-INF/view/tiles/script.jsp" />
 		<put-attribute name="body" value="/WEB-INF/view/dams/manager/userManagerForm.jsp"/>
        <put-attribute name="script" value="/_script/manager/userManagerForm.js" />
    </definition>
	<definition name="manager/causeManagerForm" extends="popup_layout">
 		<put-attribute name="base_script" value="/WEB-INF/view/tiles/script.jsp" />
 		<put-attribute name="body" value="/WEB-INF/view/dams/manager/causeManagerForm.jsp"/>
        <put-attribute name="script" value="/_script/manager/causeManagerForm.js" />
    </definition>
	<definition name="manager/errorCodeManagerForm" extends="popup_layout">
 		<put-attribute name="base_script" value="/WEB-INF/view/tiles/script.jsp" />
 		<put-attribute name="body" value="/WEB-INF/view/dams/manager/errorCodeManagerForm.jsp"/>
        <put-attribute name="script" value="/_script/manager/errorCodeManagerForm.js" />
    </definition>
	<definition name="manager/projectManagerForm" extends="popup_layout">
 		<put-attribute name="base_script" value="/WEB-INF/view/tiles/script.jsp" />
 		<put-attribute name="body" value="/WEB-INF/view/dams/manager/projectManagerForm.jsp"/>
        <put-attribute name="script" value="/_script/manager/projectManagerForm.js" />
    </definition>
	<definition name="manager/taskCaseManagerForm" extends="popup_layout">
 		<put-attribute name="base_script" value="/WEB-INF/view/tiles/script.jsp" />
 		<put-attribute name="body" value="/WEB-INF/view/dams/manager/taskCaseManagerForm.jsp"/>
        <put-attribute name="script" value="/_script/manager/taskCaseManagerForm.js" />
    </definition>
	<definition name="manager/taskStatForm" extends="popup_layout">
 		<put-attribute name="base_script" value="/WEB-INF/view/tiles/script.jsp" />
 		<put-attribute name="body" value="/WEB-INF/view/dams/manager/taskStatForm.jsp"/>
        <put-attribute name="script" value="/_script/manager/taskStatForm.js" />
    </definition>
	
</tiles-definitions>
  
  