<?xml version="1.0" encoding="UTF-8"?>
<!DOCTYPE mapper PUBLIC "-//mybatis.org//DTD Mapper 3.0//EN" "http://mybatis.org/dtd/mybatis-3-mapper.dtd">
<mapper namespace="INSPECTORSTAT_MAPPER">

	<select id="callGetInspectorStatUserList" statementType="CALLABLE" parameterType="map" >
		{CALL P_GET_INSPECTOR_STAT_USER_LIST(
			#{p_rcv_json, mode=IN, jdbcType=VARCHAR},
			#{p_ret_code, mode=OUT, jdbcType=INTEGER},
			#{p_ret_msg, mode=OUT, jdbcType=VARCHAR},
			#{p_ret_json, mode=OUT, jdbcType=VARCHAR}
		)}
	</select>
	
	<select id="callGetInspectorStatChart" statementType="CALLABLE" parameterType="map" >
		{CALL P_GET_INSPECTOR_STAT_CHART(
			#{p_rcv_json, mode=IN, jdbcType=VARCHAR},
			#{p_ret_code, mode=OUT, jdbcType=INTEGER},
			#{p_ret_msg, mode=OUT, jdbcType=VARCHAR},
			#{p_ret_json, mode=OUT, jdbcType=VARCHAR}
		)}
    </select>
    
	<select id="inspectorExcelDL" parameterType="map" resultType="map">
		<![CDATA[
		 SELECT  USER_ID, USER_NM , USER_ID || '(' || USER_NM || ')' AS USER_IAN
		       ,COUNT(*) TASK_CNT                                                                       -- 참여 태스크 수
		       ,SUM(CASE_CNT) CASE_CNT                                                                  -- 진단/검수 대상건수
		       ,SUM(DIAG_WORK_CNT) DIAG_WORK_CNT                                                        -- 진단 완료건수
		       ,SUM(INSP_WORK_CNT) INSP_WORK_CNT                                                        -- 검수 완료건수
		       ,SUM(WORK_CNT) WORK_CNT                                                                  -- 진단/검수 완료건수
		       ,ROUND(SUM(WORK_CNT) / SUM(CASE_CNT) * 100, 2) INSP_RATE                                 -- 진단/검수 진행률
		       ,SUM(INSP_PASS_CNT) INSP_PASS_CNT                                                        -- 검수 PASS 건수
		       ,SUM(INSP_FAIL_CNT) INSP_FAIL_CNT                                                        -- 검수 FAIL 건수
		       ,CASE WHEN SUM(WORK_CNT) = 0 THEN 0
		             ELSE ROUND(SUM(INSP_PASS_CNT) / SUM(WORK_CNT) * 100, 2)
		        END INSP_PASS_RATE                                                                      -- 검수 PASS 율
		       ,CASE WHEN SUM(WORK_CNT) = 0 THEN 0
		             ELSE ROUND(SUM(INSP_FAIL_CNT) / SUM(WORK_CNT) * 100, 2)
		        END INSP_FAIL_RATE                                                                      -- 검수 FAIL 율
		FROM    WKV_PROGRESS_TASK_USER U
		WHERE   1=1
		]]>
		<if test="@com.ubizit.dams.common.utils.StringUtil@isNotEmpty(projCd)">
			AND PROJ_CD LIKE '%'||#{projCd}||'%'
		</if>
		<if test="@com.ubizit.dams.common.utils.StringUtil@isNotEmpty(userId)">
			AND USER_ID LIKE '%'||#{userId}||'%'
		</if>
		<if test="@com.ubizit.dams.common.utils.StringUtil@isNotEmpty(userNm)">
			AND USER_NM LIKE '%'||#{userNm}||'%'
		</if>
		GROUP BY USER_ID, USER_NM
		ORDER BY USER_NM
	</select>
	
</mapper>