<?xml version="1.0" encoding="UTF-8"?>
<!DOCTYPE mapper PUBLIC "-//mybatis.org//DTD Mapper 3.0//EN" "http://mybatis.org/dtd/mybatis-3-mapper.dtd">
<mapper namespace="PATIENTPASSSTAT_MAPPER">
	
	<select id="selectProject" resultType="com.ubizit.dams.common.utils.camelMap" parameterType="map">
		SELECT PROJ_CD
			, PROJ_NM
			, USE_YN
			, WEEK_REPO_STD_DAYW
			, PLAN_DSET_QTY
			, PROJ_BEG_YMD
			, PROJ_END_YMD
			, REG_ID
			, REG_DT
		FROM MST_PROJECT
		WHERE 1=1
		AND (PROJ_CD = '2022A1' OR PROJ_CD = '2022B1' OR PROJ_CD = '2022B2')
		ORDER BY PROJ_CD
	</select>
	
	<select id="callGetPatientPassList" statementType="CALLABLE" parameterType="map">
		{CALL P_GET_PATIENT_PASS_LIST(<include refid="UTIL.procMapClob" />)}
	</select>
	
	<select id="callGetPatientPassRatioList" statementType="CALLABLE" parameterType="map">
		{CALL P_GET_PATIENT_PASS_RATIO_LIST(<include refid="UTIL.procMapClob" />)}
	</select>
	
</mapper>