<?xml version="1.0" encoding="UTF-8"?>
<!DOCTYPE mapper PUBLIC "-//mybatis.org//DTD Mapper 3.0//EN" "http://mybatis.org/dtd/mybatis-3-mapper.dtd">
<mapper namespace="TASKSTAT_MAPPER">
	
	<select id="callGetTaskStatList" statementType="CALLABLE"  parameterType="map" >
		{CALL P_GET_TASK_STAT_LIST(<include refid="UTIL.procedureMapClob" />)}
	</select>
	
	<select id="selectTaskTotal" parameterType="com.ubizit.dams.stat.model.TaskStatVO" resultType="com.ubizit.dams.stat.model.TaskStatVO">
		SELECT
			SUM(REG_CNT) REG_CNT, -- 등록건수
			SUM(ASSN_CNT) ASSN_CNT, -- 할당건수
			SUM(DIAG_WORK_CNT) DIAG_WORK_CNT, -- 진단건수
			ROUND(SUM(DIAG_WORK_CNT) / SUM(REG_CNT) * 100, 2) DIAG_RATE, -- 진단율
			SUM(INSP_WORK_CNT) INSP_WORK_CNT, -- 검수건수
			ROUND(SUM(INSP_WORK_CNT) / SUM(REG_CNT) * 100, 2) INSP_RATE, -- 검수율
			SUM(PASS_CNT) PASS_CNT, -- PASS건수
			CASE WHEN SUM(INSP_WORK_CNT) = 0 THEN 0
				ELSE ROUND(SUM(PASS_CNT) / SUM(INSP_WORK_CNT) * 100, 2)
				END PASS_INSP_RATE, -- PASS건수/검수건수 비율
			ROUND(SUM(PASS_CNT) / SUM(REG_CNT) * 100, 1) PASS_RATE -- PASS건수/등록건수 비율
		FROM WKV_PROGRESS_PROJECT_STAT_Y P
		WHERE 1=1
		<if test="@com.ubizit.dams.common.utils.StringUtil@isNotEmpty(projCd)">
			AND P.PROJ_CD = #{projCd}
		</if>
	</select>
	
	<select id="callGetTaskChart1" statementType="CALLABLE" parameterType="map" >
		{CALL P_GET_TASK_STAT_CHART1(
			#{p_rcv_json, mode=IN, jdbcType=VARCHAR},
			#{p_ret_code, mode=OUT, jdbcType=INTEGER},
			#{p_ret_msg, mode=OUT, jdbcType=VARCHAR},
			#{p_ret_json, mode=OUT, jdbcType=VARCHAR}
		)}
	</select>
	
	<select id="callGetTaskChart2" statementType="CALLABLE" parameterType="map" >
		{CALL P_GET_TASK_STAT_CHART2(
			#{p_rcv_json, mode=IN, jdbcType=VARCHAR},
			#{p_ret_code, mode=OUT, jdbcType=INTEGER},
			#{p_ret_msg, mode=OUT, jdbcType=VARCHAR},
			#{p_ret_json, mode=OUT, jdbcType=VARCHAR}
		)}
	</select>
	
	<select id="taskStatExcelDL" parameterType="map" resultType="map">
		<![CDATA[
		SELECT  W.TASK_CD,
				P.TASK_NM, 
		        INSP_PLAN_CNT,              -- 검수인원수
		        W.REG_CNT,                  -- 등록건수 
		        DIAG_CNT,                   -- 진단건수
		        DIAG_RATE,                  -- 진단율
		        INSP_CNT,                   -- 검수건수
		        PASS_CNT,                   -- PASS건수
		        FAIL_CNT,                   -- FAIL건수
		        INSP_RATE,                  -- 검수율
		        PASS_INSP_RATE,             -- PASS/검수 비율
		        PASS_RATE,                   -- PASS/등록 비율
		         '<a href="#" class="progress_chk" onclick="progress_chk(''' || W.PROJ_CD || ''',''' || W.TASK_CD || ''')"><span class="icon_progress">&nbsp;&nbsp;&nbsp;&nbsp;&nbsp;</span></a>' AS PROGRESS_CHK
                ,'<span class="btn_cross"><i class="" onclick="cross_chk(''' || W.PROJ_CD || ''',''' || W.TASK_CD || ''')"><a href="javascript:void(0);" class="btn_a">결과 확인</a></i></span>' AS CROSS_CHK
		FROM   (
		        SELECT  C.PROJ_CD,
		                C.TASK_CD,
		                MAX(INSP_PLAN_CNT) INSP_PLAN_CNT,                                                           -- 검수인원
		                COUNT(*) REG_CNT,                                                                           -- 등록건수
		                SUM(CASE WHEN C.LBL_CD > ' ' THEN 1 ELSE 0 END) DIAG_CNT,                                   -- 진단건수
		                ROUND(SUM(CASE WHEN C.LBL_CD > ' ' THEN 1 ELSE 0 END) / COUNT(*) * 100, 2) DIAG_RATE,       -- 진단진행률
		                SUM(CASE WHEN C.INSP_RES > ' ' THEN 1 ELSE 0 END) INSP_CNT,                                 -- 검수건수
		                ROUND(SUM(CASE WHEN C.INSP_RES > ' ' THEN 1 ELSE 0 END) / COUNT(*) * 100, 2) INSP_RATE,     -- 검수진행률
		                SUM(CASE WHEN C.INSP_RES = 'Pass' THEN 1 ELSE 0 END) PASS_CNT,                              -- PASS건수
		                SUM(CASE WHEN C.INSP_RES = 'Fail' THEN 1 ELSE 0 END) FAIL_CNT,                              -- FAIL건수
		                CASE WHEN SUM(CASE WHEN C.INSP_RES > ' ' THEN 1 ELSE 0 END) = 0 THEN 0
		                     ELSE ROUND(SUM(CASE WHEN C.INSP_RES = 'Pass' THEN 1 ELSE 0 END) / 
		                          SUM(CASE WHEN C.INSP_RES > ' ' THEN 1 ELSE 0 END) * 100, 2)
		                END PASS_INSP_RATE,                                                                         -- PASS건수/검수건수 비율
		                ROUND(SUM(CASE WHEN C.INSP_RES = 'Pass' THEN 1 ELSE 0 END) / COUNT(*) * 100, 2) PASS_RATE   -- PASS건수/등록건수 비율
		                , CASE WHEN SUM(CASE WHEN C.LBL_CD > ' ' THEN 0 ELSE 1 END) + SUM(CASE WHEN C.INSP_RES > ' ' THEN 0 ELSE 1 END) > 0 THEN 'N'
						       ELSE 'Y'       
						END AS COMPLETE_YN
		        FROM    WKV_CC C
		        WHERE   
        ]]>
		        <if test="@com.ubizit.dams.common.utils.StringUtil@isNotEmpty(projCd)">
					C.PROJ_CD = #{projCd}
				</if>
				<if test="@com.ubizit.dams.common.utils.StringUtil@isNotEmpty(taskCd)">
					AND C.TASK_CD LIKE '%'||#{taskCd}||'%'
				</if>
		<![CDATA[
		        GROUP BY C.PROJ_CD, C.TASK_CD
		       ) W,
		       PLT_TASK P
		WHERE  P.PROJ_CD   = W.PROJ_CD
		AND    P.TASK_CD   = W.TASK_CD 
		]]>
		<if test="@com.ubizit.dams.common.utils.StringUtil@isNotEmpty(completeYn)">
			AND W.COMPLETE_YN = #{completeYn}
		</if>
		ORDER BY W.TASK_CD
	</select>
	
</mapper>