<?xml version="1.0" encoding="UTF-8"?>
<!DOCTYPE mapper PUBLIC "-//mybatis.org//DTD Mapper 3.0//EN" "http://mybatis.org/dtd/mybatis-3-mapper.dtd">
<mapper namespace="WEEKMONTH_MAPPER">
	
	<select id="selectProgress" parameterType="com.ubizit.dams.stat.model.WeekMonthVO" resultType="com.ubizit.dams.stat.model.WeekMonthVO">
		SELECT 1 SEQ 
		    ,  PROJ_CD 
		    , '합계' BASE_YMD 
		    , SUM(REG_CNT) REG_CNT 
		    , SUM(ASSN_CNT) ASSN_CNT
		    , SUM(DIAG_WORK_CNT) DIAG_WORK_CNT
		    , SUM(INSP_WORK_CNT) INSP_WORK_CNT
		    , SUM(DIAG_WORK_CNT + INSP_WORK_CNT) WORK_CNT
		    , SUM(SAME_CNT) SAME_CNT
		    , SUM(PASS_CNT) PASS_CNT
		FROM  WKV_PROGRESS_PROJECT_STAT_Y
		WHERE 1=1
		<if test="@com.ubizit.dams.common.utils.StringUtil@isNotEmpty(projCd)">
			AND PROJ_CD = #{projCd}
		</if>
		GROUP BY PROJ_CD      
		UNION ALL
		SELECT 2 SEQ 
		    , PROJ_CD 
		    , BASE_YMD 
		    , REG_CNT 
		    , ASSN_CNT 
		    , DIAG_WORK_CNT 
		    , INSP_WORK_CNT 
		    , (DIAG_WORK_CNT + INSP_WORK_CNT) WORK_CNT
		    , SAME_CNT 
		    , PASS_CNT 
		FROM  WKV_PROGRESS_PROJECT_STAT_Y
		WHERE 1=1
		<if test="@com.ubizit.dams.common.utils.StringUtil@isNotEmpty(projCd)">
			AND PROJ_CD = #{projCd}
		</if>
		ORDER BY SEQ, PROJ_CD, BASE_YMD DESC
	</select>
	
	<select id="callGetWeekChart" statementType="CALLABLE" parameterType="map">
		{CALL P_GET_WEEK_CHART(
			#{p_rcv_json, mode=IN, jdbcType=VARCHAR},
			#{p_ret_code, mode=OUT, jdbcType=INTEGER},
			#{p_ret_msg, mode=OUT, jdbcType=VARCHAR},
			#{p_ret_json, mode=OUT, jdbcType=VARCHAR}
		)}
	</select>
	
	<select id="callGetWeekAcmChart" statementType="CALLABLE" parameterType="map">
		{CALL P_GET_WEEK_ACM_CHART(
			#{p_rcv_json, mode=IN, jdbcType=VARCHAR},
			#{p_ret_code, mode=OUT, jdbcType=INTEGER},
			#{p_ret_msg, mode=OUT, jdbcType=VARCHAR},
			#{p_ret_json, mode=OUT, jdbcType=VARCHAR}
		)}
	</select>
	
	<select id="weekMonthExcelDL" parameterType="map" resultType="map">
		SELECT 1 SEQ 
		    ,  PROJ_CD 
		    , '합계' BASE_YMD 
		    , SUM(REG_CNT) REG_CNT 
		    , SUM(ASSN_CNT) ASSN_CNT
		    , SUM(DIAG_WORK_CNT) DIAG_WORK_CNT
		    , SUM(INSP_WORK_CNT) INSP_WORK_CNT
		    , SUM(DIAG_WORK_CNT + INSP_WORK_CNT) WORK_CNT
		    , SUM(SAME_CNT) SAME_CNT
		    , SUM(PASS_CNT) PASS_CNT
		FROM  WKV_PROGRESS_PROJECT_STAT_Y
		WHERE 1=1
		<if test="@com.ubizit.dams.common.utils.StringUtil@isNotEmpty(projCd)">
			AND PROJ_CD = #{projCd}
		</if>
		GROUP BY PROJ_CD      
		UNION ALL
		SELECT 2 SEQ 
		    , PROJ_CD 
		    , BASE_YMD 
		    , REG_CNT 
		    , ASSN_CNT 
		    , DIAG_WORK_CNT 
		    , INSP_WORK_CNT 
		    , (DIAG_WORK_CNT + INSP_WORK_CNT) WORK_CNT
		    , SAME_CNT 
		    , PASS_CNT 
		FROM  WKV_PROGRESS_PROJECT_STAT_Y
		WHERE 1=1
		<if test="@com.ubizit.dams.common.utils.StringUtil@isNotEmpty(projCd)">
			AND PROJ_CD = #{projCd}
		</if>
		ORDER BY SEQ, PROJ_CD, BASE_YMD DESC
	</select>
	
</mapper>