<?xml version="1.0" encoding="UTF-8"?>
<Configuration>
    <Appenders>
        <Console name="console" target="SYSTEM_OUT">
            <PatternLayout pattern="%d %5p [%c] %m%n" />
        </Console>
    </Appenders>
    <Loggers>
        <Logger name="java.sql" level="DEBUG" additivity="false">
            <AppenderRef ref="console" />
        </Logger>
        <Logger name="egovframework" level="DEBUG" additivity="false">
            <AppenderRef ref="console" />
        </Logger>
          <!-- log SQL with timing information, post execution -->
        <Logger name="jdbc.sqltiming" level="DEBUG" additivity="false">
            <AppenderRef ref="console" />
        </Logger>
        <!-- level DEBUG/INFO 에 따라 톰캣 실행시 catalina.out에 데이터가 콘솔에 org.springframework.http.converter.json.MappingJackson2HttpMessageConverter@5e1d79d7 가 찍힘 -->
        <Logger name="org.springframework" level="INFO" additivity="false">
            <AppenderRef ref="console" />
        </Logger>
        <Root level="DEBUG">
            <AppenderRef ref="console" />
        </Root>
    </Loggers>
</Configuration>
