<?xml version="1.0" encoding="UTF-8"?>
<!DOCTYPE mapper PUBLIC "-//mybatis.org//DTD Mapper 3.0//EN" "http://mybatis.org/dtd/mybatis-3-mapper.dtd">
<mapper namespace="UTIL">

	<!-- varchar -> String  |  integer -> int  자동 매핑, 나머지는 javaType 설정 해줘야 함.-->
	<!-- DB procedure랑 파라미터이름 무시하고 순서대로 매핑. 순서 지켜야함. -->
	<!-- procedureMap 이랑 procedureMapClob 은 세번째 네번째 파라미터는 사실 필요없음 어차피 retJson 에 같이 담겨서 바로 js로 넘겨줄건데? Cursor는 필요함 Controller에서 다시 한번  Map 에 담아서 내보내야 함. -->
	<sql id="procedureMap">
		#{rcvJson,	mode=IN,	jdbcType=VARCHAR, 	javaType=java.lang.String},
		#{retJson,	mode=OUT,	jdbcType=VARCHAR,	javaType=java.lang.String},
		#{retCode,	mode=OUT,	jdbcType=INTEGER,	javaType=java.lang.Integer},
		#{retMsg,	mode=OUT,	jdbcType=VARCHAR,	javaType=java.lang.String}
	</sql>
	
	<sql id="procedureMapClob">
		#{rcvJson,	mode=IN,	jdbcType=VARCHAR},
		#{retJson,	mode=OUT,	jdbcType=CLOB,	javaType=java.lang.String},
		#{retCode,	mode=OUT,	jdbcType=INTEGER},
		#{retMsg,	mode=OUT,	jdbcType=VARCHAR}
	</sql>
	
	<sql id="procedureMap2">
		#{rcvJson,	mode=IN,	jdbcType=VARCHAR, 	javaType=java.lang.String},
		#{retJson,	mode=OUT,	jdbcType=VARCHAR,	javaType=java.lang.String}
	</sql>
	
	<sql id="procedureMapClob2">
		#{rcvJson,	mode=IN,	jdbcType=VARCHAR},
		#{retJson,	mode=OUT,	jdbcType=CLOB,	javaType=java.lang.String}
	</sql>
	
	<!-- procedureMap에서 retCode retJson 위치 변경, 중요도 순서대로 하면 이 순서가 맞는 듯. -->
	<sql id="procMap">
		#{rcvJson,	mode=IN,	jdbcType=VARCHAR, 	javaType=java.lang.String},
		#{retCode,	mode=OUT,	jdbcType=INTEGER,	javaType=java.lang.Integer},
		#{retJson,	mode=OUT,	jdbcType=VARCHAR,	javaType=java.lang.String},
		#{retMsg,	mode=OUT,	jdbcType=VARCHAR,	javaType=java.lang.String}
	</sql>
	
	<sql id="procMapClob">
		#{rcvJson,	mode=IN,	jdbcType=VARCHAR, 	javaType=java.lang.String},
		#{retCode,	mode=OUT,	jdbcType=INTEGER,	javaType=java.lang.Integer},
		#{retJson,	mode=OUT,	jdbcType=CLOB,		javaType=java.lang.String},
		#{retMsg,	mode=OUT,	jdbcType=VARCHAR,	javaType=java.lang.String}
	</sql>
	
	<!-- CUROSR -->
	<resultMap type="com.ubizit.dams.common.utils.camelMap" id="camelMapResultMap"></resultMap>
	
	<sql id="procedureMapCursor">
		#{rcvJson,	mode=IN,	jdbcType=VARCHAR},
		#{retJson,	mode=OUT,	jdbcType=CURSOR  , javaType=ResultSet  , resultMap=camelMapResultMap},
		#{retCode,	mode=OUT,	jdbcType=INTEGER},
		#{retMsg,	mode=OUT,	jdbcType=VARCHAR}
	</sql>

	<sql id="procMapCursor">
		#{rcvJson,	mode=IN,	jdbcType=VARCHAR},
		#{retCode,	mode=OUT,	jdbcType=INTEGER},
		#{retJson,	mode=OUT,	jdbcType=CURSOR  , javaType=ResultSet  , resultMap=camelMapResultMap},
		#{retMsg,	mode=OUT,	jdbcType=VARCHAR}
	</sql>

</mapper>