<?xml version="1.0" encoding="UTF-8"?>
<beans xmlns="http://www.springframework.org/schema/beans" xmlns:xsi="http://www.w3.org/2001/XMLSchema-instance"
        xmlns:p="http://www.springframework.org/schema/p"
        xmlns:context="http://www.springframework.org/schema/context"
        xmlns:mvc="http://www.springframework.org/schema/mvc"
        xsi:schemaLocation="http://www.springframework.org/schema/beans http://www.springframework.org/schema/beans/spring-beans-4.0.xsd
                http://www.springframework.org/schema/context http://www.springframework.org/schema/context/spring-context-4.0.xsd
                http://www.springframework.org/schema/mvc http://www.springframework.org/schema/mvc/spring-mvc-4.0.xsd">

    <!-- annotaion 기반 spring mvc 설정 모음 -->
    <mvc:annotation-driven />
    <mvc:default-servlet-handler />

    <!--  Interceptor 설정 -->
    <!-- 나중에는 Spring Security 로 변경해야 함. -->
    <mvc:interceptors>
    	<!-- 기본 -->
        <mvc:interceptor>
<!-- 	        <mvc:mapping path="/" /> -->
	        <mvc:mapping path="/*.do" />
	        <mvc:mapping path="/**/*.do" />
	        <mvc:mapping path="/**/**/*.do" />
	        <mvc:exclude-mapping path="/login.do" />
	        <mvc:exclude-mapping path="/loginProcess.do" />
	        <mvc:exclude-mapping path="/logout.do" />
	        <mvc:exclude-mapping path="/errorPage.do" />
	        <bean class="com.ubizit.dams.common.interceptor.Interceptor" />
        </mvc:interceptor>
        
        <!-- 매니저 페이지 -->
        <mvc:interceptor>
	        <mvc:mapping path="/manager/**" />
	        <bean class="com.ubizit.dams.common.interceptor.ManagerInterceptor" />
        </mvc:interceptor>
        
    </mvc:interceptors>

    <!-- view resolver -->
    <bean class="org.springframework.web.servlet.view.BeanNameViewResolver">
      <property name="order" value="0"/>
    </bean>

    <context:component-scan base-package="com.ubizit.dams">
        <context:include-filter type="annotation" expression="org.springframework.stereotype.Controller"/>
        <context:exclude-filter type="annotation" expression="org.springframework.stereotype.Service"/>
        <context:exclude-filter type="annotation" expression="org.springframework.stereotype.Repository"/>
        <context:exclude-filter type="annotation" expression="egovframework.rte.psl.dataaccess.mapper.Mapper"/>
    </context:component-scan>

    <bean class="org.springframework.web.servlet.mvc.method.annotation.RequestMappingHandlerMapping">
        <property name="interceptors">
            <list>
                <ref bean="localeChangeInterceptor" />
            </list>
        </property>
    </bean>

    <bean id="localeResolver" class="org.springframework.web.servlet.i18n.SessionLocaleResolver" />
    <!-- 쿠키를 이용한 Locale 이용시 <bean id="localeResolver" class="org.springframework.web.servlet.i18n.CookieLocaleResolver"/> -->
    <bean id="localeChangeInterceptor" class="org.springframework.web.servlet.i18n.LocaleChangeInterceptor">
        <property name="paramName" value="language" />
    </bean>

    <bean class="org.springframework.web.servlet.handler.SimpleMappingExceptionResolver">
        <property name="defaultErrorView" value="error/error"/>
        <property name="exceptionMappings">
            <props>
                <prop key="org.springframework.dao.DataAccessException">cmmn/dataAccessFailure</prop>
                <prop key="org.springframework.transaction.TransactionException">cmmn/transactionFailure</prop>
                <prop key="egovframework.rte.fdl.cmmn.exception.EgovBizException">error/error</prop>
                <prop key="org.springframework.security.AccessDeniedException">error/error</prop>
            </props>
        </property>
    </bean>

	<!-- << Controller View Mapping >> -->
	<!-- Order 1. Tiles -->
    <bean class="org.springframework.web.servlet.view.tiles3.TilesViewResolver">
        <property name="viewClass" value="org.springframework.web.servlet.view.tiles3.TilesView"/>
        <property name="order" value="1"/>
    </bean>
    <bean id="tilesConfiguer" class="org.springframework.web.servlet.view.tiles3.TilesConfigurer">
        <property name="definitions">
            <list>
                <value>/WEB-INF/tiles/tiles-definition.xml</value>
            </list>
        </property>
    </bean>

	<!-- Order 2. Common -->
    <bean class="org.springframework.web.servlet.view.InternalResourceViewResolver">
        <property name="prefix" value="/WEB-INF/view/" />
        <property name="suffix" value=".jsp" />
        <property name="order" value="2" />
    </bean>

    <bean id="multipartResolver"  class="org.springframework.web.multipart.commons.CommonsMultipartResolver">
         <!-- 최대업로드 가능한 바이트크기 -->
         <property name="maxUploadSize" value="52428800" />
         <!-- 디스크에 임시 파일을 생성하기 전에 메모리에 보관할수있는 최대 바이트 크기 -->
         <!-- property name="maxInMemorySize" value="52428800" / -->
         <!-- defaultEncoding -->
         <property name="defaultEncoding" value="utf-8" />
    </bean>

</beans>