<?xml version="1.0" encoding="UTF-8"?>
<!DOCTYPE mapper PUBLIC "-//mybatis.org//DTD Mapper 3.0//EN" "http://mybatis.org/dtd/mybatis-3-mapper.dtd">
<mapper namespace="CROSS_VALIDATION_MAPPER">

	<select id="selectProject" resultType="com.ubizit.dams.work.model.CrossValidationVO" parameterType="com.ubizit.dams.work.model.CrossValidationVO">
	    SELECT U.PROJ_CD 
    		, U.PROJ_NM
		FROM MST_PROJECT_USER P 
		LEFT JOIN MST_PROJECT U ON U.PROJ_CD = P.PROJ_CD
		WHERE 1=1
		<if test="@com.ubizit.dams.common.utils.StringUtil@isNotEmpty(projCd)">
			AND U.PROJ_CD LIKE '%' || #{projCd} || '%'
		</if>
		<if test="@com.ubizit.dams.common.utils.StringUtil@isNotEmpty(userId)">
	    	AND P.USER_ID LIKE '%' || #{userId} || '%'
	    </if>
	    AND U.USE_YN ='Y'
		GROUP BY U.PROJ_CD ,U.PROJ_NM
		ORDER BY U.PROJ_CD ASC
	</select>
	
	<select id="selectTask" resultType="com.ubizit.dams.work.model.CrossValidationVO" parameterType="com.ubizit.dams.work.model.CrossValidationVO">
		SELECT P.TASK_CD,
		       P.TASK_NM,
		       P.DATA_REG_YMD,  -- 데이터 등록일자
		       W.CASE_CNT,      -- 케이스 수량
		       W.COMP_CNT,      -- 작업 수량
		       W.PASS_CNT,      -- PASS 수량
		       W.FAIL_CNT       -- FAIL 수량
		FROM   PLT_TASK P,
		      (SELECT PROJ_CD, TASK_CD, COUNT(*) CASE_CNT,
		              SUM(CASE WHEN INSP_RES IS NULL THEN 0 ELSE 1 END) COMP_CNT,
		              SUM(CASE WHEN INSP_RES = 'Pass' THEN 1 ELSE 0 END) PASS_CNT,
		              SUM(CASE WHEN INSP_RES = 'Fail' THEN 1 ELSE 0 END) FAIL_CNT
		       FROM   WKV_CC
		       WHERE  PROJ_CD      = #{projCd}
		       GROUP BY PROJ_CD, TASK_CD) W
		WHERE  P.PROJ_CD      = #{projCd}
		AND    P.DATA_REG_YMD IS NOT NULL
		AND    W.PROJ_CD      = P.PROJ_CD
		AND    W.TASK_CD      = P.TASK_CD 
		ORDER BY P.TASK_CD ASC
	</select>
	
	<select id="callGetCrosschk" statementType="CALLABLE" parameterType="map">
		{CALL P_GET_CROSS_CHECK(<include refid="UTIL.procedureMapClob" />)}
	</select>
	
	<select id="crossValidationExcelDL" parameterType="map" resultType="map">
		<![CDATA[
		SELECT  PROJ_CD,
		        TASK_CD,  
		        CASE_NO,  -- 케이스 번호(all)
		        LBL_DISP, -- 라벨명 (수면, 폐음)
		        DIAG_USER_NM,  -- 진단자명 (수면, 폐음)
		        DIAG_FAIL_CAUS_LIST,  -- DROP 사유 (수면, 폐음)
		        DIAG_MEMO,  -- 메모 (수면, 폐음)
		        INSP_RES,  -- 최종 결과 (all)
		        CASE WHEN INSP_USER_NM_LIST IS NULL THEN '' ELSE F_SPLIT(INSP_USER_NM_LIST, 1) || '(' || F_SPLIT(INSP_RES_LIST, 1) || ')' END USER1_INFO,  -- 검수자1 (all)
		        CASE WHEN INSP_USER_NM_LIST IS NULL THEN '' ELSE F_SPLIT(INSP_USER_NM_LIST, 2) || '(' || F_SPLIT(INSP_RES_LIST, 2) || ')' END USER2_INFO,  -- 검수자2 (all)
		        F_SPLIT(INSP_FAIL_CAUS_LIST, 1) || CASE WHEN F_SPLIT(INSP_FAIL_CAUS_LIST, 1) IS NULL THEN '' ELSE ',' END || F_SPLIT(INSP_MEMO_LIST, 1) USER1_MEMO,  -- 검수자1 메모 (all)
		        F_SPLIT(INSP_FAIL_CAUS_LIST, 2) || CASE WHEN F_SPLIT(INSP_FAIL_CAUS_LIST, 2) IS NULL THEN '' ELSE ',' END || F_SPLIT(INSP_MEMO_LIST, 2) USER2_MEMO,  -- 검수자2 메모 (all)
		        REPLACE(ALL_USER_NM_LIST, CHR(3), ',') ASSIGN_USERS,  -- 할당자, 진단을 아직 안한경우 할당된 진단/검수자 이름 목록 (수면)    
		        INSP_USER_ID_LIST,  -- 검수자 ID 목록 (no display)  
		        INSP_USER_NM_LIST,  -- 검수자 이름 목록 (no display)  
		        INSP_RES_LIST  -- 검수자별 검수 결과 목록 (no display)
		FROM    WKV_CC
		WHERE   1=1
		]]>
		<if test="@com.ubizit.dams.common.utils.StringUtil@isNotEmpty(projCd)">
			AND     PROJ_CD = #{projCd}
		</if>
		<if test="@com.ubizit.dams.common.utils.StringUtil@isNotEmpty(taskCd)">
			AND     TASK_CD = #{taskCd}
		</if>
		<if test="@com.ubizit.dams.common.utils.StringUtil@isNotEmpty(inspRes)">
			AND     INSP_RES = #{inspRes}
		</if>
		ORDER BY PROJ_CD, TASK_CD, CASE_NO
	</select>
	
</mapper>