<?xml version="1.0" encoding="UTF-8"?>
<!DOCTYPE mapper PUBLIC "-//mybatis.org//DTD Mapper 3.0//EN" "http://mybatis.org/dtd/mybatis-3-mapper.dtd">
<mapper namespace="WORK_TASK_MAPPER">

	<select id="selectProjectUse" resultType="com.ubizit.dams.common.model.ProjectVO" parameterType="com.ubizit.dams.common.model.ProjectVO">
		SELECT PROJ_CD
			, PROJ_NM
			, USE_YN
			, WEEK_REPO_STD_DAYW
			, PLAN_DSET_QTY
			, PROJ_BEG_YMD
			, PROJ_END_YMD
			, REG_ID
			, REG_DT
			, DIAG_INSP_FG
			, PASS_RATE
		FROM MSV_PROJECT_U
		WHERE 1=1
		<if test="@com.ubizit.dams.common.utils.StringUtil@isNotEmpty(projCd)">
			AND PROJ_CD = #{projCd}
		</if>
		ORDER BY PROJ_CD
	</select>

	<select id="selectLabelUse" resultType="com.ubizit.dams.common.model.LabelVO" parameterType="com.ubizit.dams.common.model.LabelVO">
		SELECT PROJ_CD
			, LBL_CD
			, LBL_DISP
			, LBL_NM
			, USE_YN
			, DISP_SEQ
			, REG_ID
			, REG_DT
		FROM MSV_LABEL_U
		WHERE 1=1
		<if test="@com.ubizit.dams.common.utils.StringUtil@isNotEmpty(projCd)">
			AND PROJ_CD = #{projCd}
		</if>
		ORDER BY PROJ_CD, DISP_SEQ
	</select>
	
	<select id="selectFailCauseUse" resultType="com.ubizit.dams.common.model.FailCauseVO" parameterType="com.ubizit.dams.common.model.FailCauseVO">
		SELECT PROJ_CD
			, FAIL_CAUS_CD
			, FAIL_CAUS_NM
			, DIAG_INSP_FG
			, USE_YN
			, DISP_SEQ
			, REG_ID
			, REG_DT
		FROM MSV_FAIL_CAUSE_U
		WHERE 1=1
		<if test="@com.ubizit.dams.common.utils.StringUtil@isNotEmpty(projCd)">
			AND PROJ_CD = #{projCd}
		</if>
		ORDER BY PROJ_CD, DISP_SEQ
	</select>

	<select id="selectTaskUserPlan" resultType="com.ubizit.dams.work.model.PlvTaskUserPlanVO" parameterType="com.ubizit.dams.work.model.PlvTaskUserPlanVO">
		SELECT PROJ_CD
			, TASK_CD
			, USER_ID
			, DATA_DIR
			, DATA_REG_YMD
			, STAT_YN
			, CASE_CNT
			, DIAG_INSP_FG
			, ASSN_YMD
			, WORK_STS_FG
			, LAST_WORK_CASE_NO
			, TASK_NM
			, USER_NM
		FROM PLV_TASK_USER_PLAN
		WHERE 1=1
		<if test="@com.ubizit.dams.common.utils.StringUtil@isNotEmpty(userId)">
			AND USER_ID = #{userId}
		</if>
		<if test="isSearch">
			AND (1=1
			<if test="@com.ubizit.dams.common.utils.StringUtil@isNotEmpty(projCd)">
				OR PROJ_CD LIKE '%'||#{projCd}||'%'
			</if>
			<if test="@com.ubizit.dams.common.utils.StringUtil@isNotEmpty(taskCd)">
				OR TASK_CD LIKE '%'||#{taskCd}||'%'
			</if>
			<if test="@com.ubizit.dams.common.utils.StringUtil@isNotEmpty(taskNm)">
				OR TASK_NM LIKE '%'||#{taskNm}||'%'
			</if>
			)
		</if>
		<if test="!isSearch">
			<if test="@com.ubizit.dams.common.utils.StringUtil@isNotEmpty(projCd)">
				AND PROJ_CD = #{projCd}
			</if>
			<if test="@com.ubizit.dams.common.utils.StringUtil@isNotEmpty(taskCd)">
				AND TASK_CD = #{taskCd}
			</if>
			<if test="@com.ubizit.dams.common.utils.StringUtil@isNotEmpty(taskNm)">
				AND TASK_NM = #{taskNm}
			</if>
			<if test="@com.ubizit.dams.common.utils.StringUtil@isNotEmpty(workStsFg)">
				AND WORK_STS_FG = #{workStsFg}
			</if>
			<if test="@com.ubizit.dams.common.utils.StringUtil@isNotEmpty(lastWorkCaseNo)">
				AND LAST_WORK_CASE_NO = #{lastWorkCaseNo}
			</if>
		</if>
		ORDER BY PROJ_CD, TASK_CD
	</select>
	
	<select id="getTaskList" resultType="com.ubizit.dams.common.utils.camelMap" parameterType="map">
		SELECT t1.PROJ_CD 
			, t2.DIAG_INSP_FG
			, t1.TASK_CD
			, t1.TASK_NM
			, t1.CASE_CNT 
			, t1.LAST_WORK_CASE_NO
			, t1.DIAG_WORK_CNT
			, t1.INSP_WORK_CNT
			, t1.DIAG_WORK_CNT + t1.INSP_WORK_CNT WORK_CNT
			, t3.DATA_REG_YMD
		FROM WKV_PROGRESS_TASK_USER t1
		LEFT JOIN MSV_PROJECT_U t2
		ON t1.PROJ_CD = t2.PROJ_CD
		LEFT JOIN PLT_TASK t3
		ON t1.PROJ_CD = t3.PROJ_CD
		AND t1.TASK_CD = t3.TASK_CD
		WHERE t1.USER_ID = #{userId}
		<if test="isSearch">
			<!-- 검색을 이런식으로 하면 안될거 같은데.. 나중에 수정. -->
			AND ( t1.TASK_CD LIKE '%'||#{taskCd}||'%' OR t1.TASK_NM LIKE '%'||#{taskNm}||'%'
<!-- 			<if test="@com.ubizit.dams.common.utils.StringUtil@isNotEmpty(projCd)"> -->
<!-- 				OR PROJ_CD LIKE '%'||#{projCd}||'%' -->
<!-- 			</if> -->
<!-- 			<if test="@com.ubizit.dams.common.utils.StringUtil@isNotEmpty(taskCd)"> -->
<!-- 				OR TASK_CD LIKE '%'||#{taskCd}||'%' -->
<!-- 			</if> -->
<!-- 			<if test="@com.ubizit.dams.common.utils.StringUtil@isNotEmpty(taskNm)"> -->
<!-- 				OR TASK_NM LIKE '%'||#{taskNm}||'%' -->
<!-- 			</if> -->
			)
		</if>
		<if test="!isSearch">
			<if test="@com.ubizit.dams.common.utils.StringUtil@isNotEmpty(projCd)">
				AND PROJ_CD = #{projCd}
			</if>
			<if test="@com.ubizit.dams.common.utils.StringUtil@isNotEmpty(taskCd)">
				AND TASK_CD = #{taskCd}
			</if>
			<if test="@com.ubizit.dams.common.utils.StringUtil@isNotEmpty(taskNm)">
				AND TASK_NM = #{taskNm}
			</if>
		</if>
		ORDER BY t1.PROJ_CD, t3.DATA_REG_YMD, t1.TASK_CD
	</select>
	
	<select id="selectTaskCase" resultType="com.ubizit.dams.work.model.PltTaskCaseVO" parameterType="com.ubizit.dams.work.model.PltTaskCaseVO">
		SELECT PROJ_CD
			, TASK_CD
			, CASE_NO
			, AGE
			, GEN
			, REG_ID
			, REG_DT
		FROM PLT_TASK_CASE
		WHERE 1=1
		AND PROJ_CD = #{projCd}
		AND TASK_CD = #{taskCd}
		AND CASE_NO = #{caseNo}
		ORDER BY PROJ_CD, TASK_CD, CASE_NO
	</select>

	<select id="selectTaskResult" resultType="com.ubizit.dams.work.model.WkvTaskResultVO" parameterType="com.ubizit.dams.work.model.WkvTaskResultVO">
		SELECT
			PROJ_CD
			, TASK_CD
			, CASE_NO
			, USER_ID
			, DATA_REG_YMD
			, DIAG_INSP_FG_PLAN
			, DIAG_INSP_FG_WORK
			, ASSN_YMD
			, USER_NM
			, DIAG_USER_ID
			, DIAG_USER_NM
			, LBL_CD
			, LBL_DISP
			, LBL_NM
			, FAIL_CAUS_LIST
			, MEMO
			, DIAG_WORK_YMD
			, INSP_RES
			, INSP_FAIL_CAUS_LIST
			, INSP_MEMO
			, INSP_WORK_YMD
		FROM WKV_TASK_RESULT
		WHERE 1=1
		<if test="@com.ubizit.dams.common.utils.StringUtil@isNotEmpty(projCd)">
			AND PROJ_CD = #{projCd}
		</if>
		<if test="@com.ubizit.dams.common.utils.StringUtil@isNotEmpty(taskCd)">
			AND TASK_CD = #{taskCd}
		</if>
		<if test="@com.ubizit.dams.common.utils.StringUtil@isNotEmpty(caseNo)">
			AND CASE_NO = #{caseNo}
		</if>
		<if test="@com.ubizit.dams.common.utils.StringUtil@isNotEmpty(userId)">
			AND USER_ID = #{userId}
		</if>
		ORDER BY PROJ_CD, TASK_CD, CASE_NO, USER_ID
	</select>
	
	<select id="selectCaseDataItem" resultType="com.ubizit.dams.work.model.PlvCaseDataItem" parameterType="com.ubizit.dams.work.model.PlvCaseDataItem">
		SELECT PROJ_CD
			, TASK_CD
			, CASE_NO
			, DATA_GRP_CD
			, DATA_GRP_NM
			, DATA_ITEM_CD
			, DATA_ITEM_NM
			, DATA_ITEM_VAL
			, DATA_ITEM_NOTE
			, TEST_YMD
		FROM PLV_CASE_DATA_ITEM
		WHERE 1=1
		AND PROJ_CD = #{projCd}
		AND TASK_CD = #{taskCd}
		AND CASE_NO = #{caseNo}
		ORDER BY PROJ_CD, TASK_CD, CASE_NO, DATA_GRP_CD, DATA_ITEM_CD
	</select>
	
	<select id="selectCaseDataItemList" resultType="com.ubizit.dams.work.model.PlvCaseDataItemList" parameterType="com.ubizit.dams.work.model.PlvCaseDataItemList">
		SELECT PROJ_CD
			, TASK_CD
			, CASE_NO
			, DATA_GRP_CD
			, DATA_ITEM_CD
			, ITEM_SEQ
			, DATA_ITEM_VAL
			, DATA_ITEM_NOTE
			, TEST_YMD
			, TEST_DURA_MIN
		FROM PLT_CASE_DATA_ITEM_LIST
		WHERE 1=1
		AND PROJ_CD = #{projCd}
		AND TASK_CD = #{taskCd}
		AND CASE_NO = #{caseNo}
		ORDER BY PROJ_CD, TASK_CD, CASE_NO, DATA_GRP_CD, DATA_ITEM_CD
	</select>
	
	<select id="selectCaseSoundImage" resultType="com.ubizit.dams.work.model.PlvCaseSoundImage" parameterType="com.ubizit.dams.work.model.PlvCaseSoundImage">
		SELECT PROJ_CD
			, TASK_CD
			, CASE_NO
			, DATA_GRP_CD
			, DATA_GRP_NM
			, DATA_ITEM_CD
			, DATA_ITEM_NM
			, ITEM_SEQ
			, IMG_SEQ
			, IMG_FILE_NM
			, IMG_FILE_PATH
			, IMG_FILE_FULL_PATH
		FROM PLV_CASE_SOUND_IMAGE
		WHERE 1=1
		AND PROJ_CD = #{projCd}
		AND TASK_CD = #{taskCd}
		AND CASE_NO = #{caseNo}
		<if test="@com.ubizit.dams.common.utils.StringUtil@isNotEmpty(itemSeq)">
			AND ITEM_SEQ = #{itemSeq}
		</if>
		<if test="@com.ubizit.dams.common.utils.StringUtil@isNotEmpty(imgSeq)">
			AND IMG_SEQ = #{imgSeq}
		</if>
		ORDER BY PROJ_CD, TASK_CD, CASE_NO, DATA_GRP_CD, DATA_ITEM_CD
	</select>
	
	<select id="selectCaseSpectrogram" resultType="com.ubizit.dams.work.model.PlvCaseSoundImage" parameterType="com.ubizit.dams.work.model.PlvCaseSoundImage">
		SELECT PROJ_CD
			, TASK_CD
			, CASE_NO
			, DATA_GRP_CD
			, DATA_GRP_NM
			, DATA_ITEM_CD
			, DATA_ITEM_NM
			, IMG_SEQ
			, IMG_FILE_NM
			, IMG_FILE_PATH
			, IMG_FILE_FULL_PATH
		FROM PLV_CASE_SPECTORGRAM
		WHERE 1=1
		AND PROJ_CD = #{projCd}
		AND TASK_CD = #{taskCd}
		AND CASE_NO = #{caseNo}
		<if test="@com.ubizit.dams.common.utils.StringUtil@isNotEmpty(imgSeq)">
			AND IMG_SEQ = #{imgSeq}
		</if>
		ORDER BY PROJ_CD, TASK_CD, CASE_NO, DATA_GRP_CD, DATA_ITEM_CD
	</select>
	
	<select id="selectCaseDataItemAll" resultType="com.ubizit.dams.common.utils.camelMap" parameterType="map">
		SELECT 'ITEM' ITEM_DIV  
			, PROJ_CD
			, TASK_CD
			, CASE_NO
			, DATA_GRP_CD
			, DATA_GRP_NM
			, DATA_GRP_DISP_SEQ
			, DATA_ITEM_CD
			, DATA_ITEM_NM
			, ARR_YN
			, DATA_TP
			, FILE_TP
			, DISP_SEQ
			, 0 ITEM_SEQ
			, DATA_ITEM_VAL 
			, DATA_ITEM_NOTE 
			, TEST_YMD
			, NULL TEST_DURA_MIN
			, VAL_CHK_YN
			, MIN_VAL
			, MAX_VAL
			, VAL_LIST
			, SEL_LIST
		FROM PLV_CASE_DATA_ITEM item
		WHERE 1=1
		AND PROJ_CD = #{projCd}
		AND TASK_CD = #{taskCd}
		AND CASE_NO = #{caseNo}
		UNION ALL
		SELECT 'ITEM_LIST' ITEM_DIV
			, PROJ_CD 
			, TASK_CD 
			, CASE_NO 
			, DATA_GRP_CD
			, DATA_GRP_NM
			, DATA_GRP_DISP_SEQ
			, DATA_ITEM_CD
			, DATA_ITEM_NM
			, ARR_YN
			, DATA_TP
			, FILE_TP
			, DISP_SEQ
			, ITEM_SEQ
			, DATA_ITEM_VAL 
			, DATA_ITEM_NOTE 
			, TEST_YMD
			, TEST_DURA_MIN
			, '' VAL_CHK_YN
			, 0 MIN_VAL
			, 0 MAX_VAL
			, NULL VAL_LIST
			, NULL SEL_LIST
		FROM PLV_CASE_DATA_ITEM_LIST item_list
		WHERE 1=1
		AND PROJ_CD = #{projCd}
		AND TASK_CD = #{taskCd}
		AND CASE_NO = #{caseNo}
		ORDER BY ITEM_DIV, PROJ_CD, TASK_CD, CASE_NO, DATA_GRP_DISP_SEQ, DISP_SEQ, ITEM_SEQ
	</select>
	
	<select id="selectGoodLungSound" resultType="com.ubizit.dams.common.utils.camelMap" parameterType="map">
		SELECT PROJ_CD
			, TASK_CD
			, CASE_NO
			, TEST_LOC
			, USER_ID
			, BEST_YN
			, LBL_CD
		FROM WKT_GOOD_LUNGSOUND
		WHERE 1=1
		AND PROJ_CD = #{projCd}
		AND TASK_CD = #{taskCd}
		AND CASE_NO = #{caseNo}
	</select>
	
	<select id="callRegistDiagnose" statementType="CALLABLE" parameterType="map">
		{CALL P_WORKTASK_REGIST_DIAGNOSE(<include refid="UTIL.procedureMap" />)}
	</select>

	<select id="callRegistInspect" statementType="CALLABLE" parameterType="map">
		{CALL P_WORKTASK_REGIST_INSPECT(<include refid="UTIL.procedureMap" />)}
	</select>
	
	<select id="callModifyDiagnose" statementType="CALLABLE" parameterType="map">
		{CALL P_WORKTASK_MODIFY_DIAGNOSE(<include refid="UTIL.procedureMap" />)}
	</select>

	<select id="callModifyInspect" statementType="CALLABLE" parameterType="map">
		{CALL P_WORKTASK_MODIFY_INSPECT(<include refid="UTIL.procedureMap" />)}
	</select>
	
</mapper>