<?xml version="1.0" encoding="UTF-8"?>
<beans xmlns="http://www.springframework.org/schema/beans" xmlns:xsi="http://www.w3.org/2001/XMLSchema-instance"
	xmlns:jdbc="http://www.springframework.org/schema/jdbc"
	xsi:schemaLocation="http://www.springframework.org/schema/beans http://www.springframework.org/schema/beans/spring-beans-4.0.xsd
        http://www.springframework.org/schema/jdbc  http://www.springframework.org/schema/jdbc/spring-jdbc-4.0.xsd">
	
    <bean id="dataSource" class="org.apache.commons.dbcp.BasicDataSource" destroy-method="close">
        <property name="driverClassName" value="oracle.jdbc.driver.OracleDriver" />
        <property name="url" value="jdbc:oracle:thin:@host_address:port:dbname" />
        <property name="username" value="username"/>
        <property name="password" value="password"/>
        <property name="validationQuery" value="select 1 from dual" />
        <property name="initialSize" value="1" />
        <property name="maxActive" value="10" />
        <property name="maxIdle" value="10" />
        <property name="minIdle" value="10" />
        <property name="poolPreparedStatements" value="true" />
        <property name="maxOpenPreparedStatements" value="50"/>
        <property name="testWhileIdle" value="true" />
        <property name="timeBetweenEvictionRunsMillis" value="30000" />
        <property name="numTestsPerEvictionRun" value="5" />
        <property name="minEvictableIdleTimeMillis" value="-1" />
    </bean>

    <bean id="sqlSession" class="org.mybatis.spring.SqlSessionFactoryBean">
		<property name="dataSource" ref="dataSource" />
		<property name="configLocation" value="classpath:/mybatis/config/mybatis-config.xml" />
		<property name="mapperLocations">
			<list>
				<value>classpath:/mybatis/mappers/util/*.xml</value>
				<value>classpath:/mybatis/mappers/common/*.xml</value>
				<value>classpath:/mybatis/mappers/*.xml</value>
				<value>classpath:/mybatis/mappers/*/*.xml</value>
			</list>
		</property>
	</bean>
	
</beans>
